{
  "250056": {
    "status": "mock",
    "giav": {
      "ok": true,
      "source": "mock",
      "error": null
    },
    "trip": {
      "id": 250056,
      "code": "PT-250056",
      "title": "Portugal Golf Escape",
      "status": "Confirmado",
      "date_start": "2026-02-10",
      "date_end": "2026-02-14",
      "date_range": "10/02/2026 – 14/02/2026"
    },
    "package": {
      "id": "PQ-250056",
      "type": "PQ",
      "title": "Paquete Golf & Estancia",
      "date_range": "10/02/2026 – 14/02/2026",
      "price": 4200,
      "services": [
        {
          "id": "HT-9001",
          "type": "HT",
          "title": "Tivoli Estela Golf & Lodges",
          "date_range": "10/02/2026 – 14/02/2026",
          "price": null,
          "included": true,
          "actions": {
            "detail": true,
            "voucher": false,
            "pdf": false
          }
        },
        {
          "id": "GF-3221",
          "type": "GF",
          "title": "Oporto Golf Club",
          "date_range": "11/02/2026 – 11/02/2026",
          "price": null,
          "included": true,
          "actions": {
            "detail": true,
            "voucher": false,
            "pdf": false
          }
        }
      ]
    },
    "extras": [
      {
        "id": "TR-7788",
        "type": "TR",
        "title": "Transfer Aeropuerto → Hotel",
        "date_range": "10/02/2026 – 10/02/2026",
        "price": 120,
        "included": false,
        "actions": {
          "detail": true,
          "voucher": false,
          "pdf": false
        }
      }
    ],
    "passengers": [
      {
        "name": "Juan Pérez",
        "type": "Adulto",
        "document": "X1234567"
      },
      {
        "name": "Ana López",
        "type": "Adulto",
        "document": "Y7654321"
      }
    ],
    "payments": {
      "currency": "EUR",
      "total": 4500,
      "paid": 1500,
      "pending": 3000,
      "can_pay": true,
      "pay_url": "/portal/pago?expediente=250056"
    },
    "invoices": [],
    "vouchers": [],
    "messages_meta": {
      "unread_count": 2,
      "last_message_at": "2026-01-05T10:15:00+01:00"
    }
  },
  "250057": {
    "status": "mock",
    "giav": {
      "ok": true,
      "source": "mock",
      "error": null
    },
    "trip": {
      "id": 250057,
      "code": "ES-250057",
      "title": "Costa del Sol",
      "status": "En revisión",
      "date_start": "2026-04-02",
      "date_end": "2026-04-06",
      "date_range": "02/04/2026 – 06/04/2026"
    },
    "package": null,
    "extras": [
      {
        "id": "HT-8801",
        "type": "HT",
        "title": "Hotel Puente Romano",
        "date_range": "02/04/2026 – 06/04/2026",
        "price": 1600,
        "included": false,
        "actions": {
          "detail": true,
          "voucher": false,
          "pdf": false
        }
      },
      {
        "id": "OT-9911",
        "type": "OT",
        "title": "Cena especial",
        "date_range": "03/04/2026 – 03/04/2026",
        "price": 90,
        "included": false,
        "actions": {
          "detail": true,
          "voucher": false,
          "pdf": false
        }
      }
    ],
    "passengers": [
      {
        "name": "María García",
        "type": "Adulto",
        "document": "Z9988776"
      }
    ],
    "payments": {
      "currency": "EUR",
      "total": 2800,
      "paid": 0,
      "pending": 2800,
      "can_pay": true,
      "pay_url": "/portal/pago?expediente=250057"
    },
    "invoices": [],
    "vouchers": [],
    "messages_meta": {
      "unread_count": 0,
      "last_message_at": null
    }
  }
}
